{"cameraMode":{"drawMode":0,"name":"Shaded","section":"Shading Mode"},"sceneLighting":true,"audioPlay":false,"sceneViewState":{"m_AlwaysRefresh":false,"showFog":true,"showSkybox":true,"showFlares":true,"showImageEffects":true,"showParticleSystems":true,"showVisualEffectGraphs":true,"m_FxEnabled":true},"in2DMode":false,"pivot":{"x":1.4161992073059083,"y":-0.04838228225708008,"z":-6.5513739585876469},"rotation":{"x":-0.5099433064460754,"y":-0.12752914428710938,"z":0.07675830274820328,"w":-0.8472326397895813},"size":17.686071395874025,"orthographic":false}